State,Institution Name,Routing Numbers
California,1ST NORTHERN CALIFORNIA,321173182
Kentucky,"1st Trust Bank, Inc.",042108449
Louisiana,705,265274503
Missouri,ACADEMIC EMPLOYEES,281580381
Texas,ACFCU,311376740
Florida,ADVENTHEALTH,263181287
New York,AFGM ENTERPRISES,222079822
Alabama,ALABAMA POSTAL,262087515
Pennsylvania,ALCOSE,243083211
North Carolina,ALLEGACY,253177887
New York,ALLIANCE NIAGARA,222382386
Massachusetts,ALPHA,211080602
Texas,AMARILLO POSTAL EMPLOYEES,311376766
New York,AMERICU,221375802
Alabama,ANG,262084893
Pennsylvania,ARC,231379306
Kansas,ARK VALLEY,301177713
Utah,ASCENT,324377710
Massachusetts,ATHOL,211380344
Virginia,AUGUSTA HEALTH CARE CREDIT UNION,251483324
Alabama,AVADIAN,262087528
Pennsylvania,A.B.,231379238
Texas,"Agility Bank, National Association",113026243
Colorado,Alpine Bank,102103407
Florida,"Amerant Bank, National Association",067010509
Illinois,"American Commercial Bank & Trust, National Association",071902399
Nebraska,American Interstate Bank,104910135
Minnesota,"Ameriprise Bank, FSB",091071640
Illinois,Anna-Jonesboro National Bank,081205264
New York,Arrow Bank National Association,
Nebraska,Auburn State Bank,
Pennsylvania,B I,
Minnesota,BANKWEST,
Ohio,BAY AREA,
Texas,BAYOU CITY,
Tennessee,BEACON FINANCIAL,
Colorado,BELLCO,
Ohio,BEST REWARD,
Oklahoma,BISON,
Missouri,BLUCURRENT,
Texas,BOC Bank,
Pennsylvania,BRADFORD AREA SCHOOL EMPLOYEES,
Texas,BRENTWOOD BAPTIST CHURCH,
Wisconsin,BROKAW,
Virginia,BRUNSWICK COUNTY TEACHERS,
Illinois,BURLINGTON NORTHERN SANTA FE RAILWY,
Wisconsin,Badger Bank,
Wisconsin,Bank Cmg,
Iowa,Bank Plus,
Missouri,Bank of Billings,
New York,Bank of Cattaraugus,
Missouri,Bank of Crocker,
Kentucky,Bank of Edmonson County,
Missouri,Bank of Grandin,
New York,Bank of Holland,
Tennessee,Bank of Lincoln County,
New York,Bank of Millbrook,
Tennessee,Bank of Perry County,
Louisiana,Bank of St. Francisville,
Missouri,Bank of Washington,
Virginia,Bank of the James,051409016
Minnesota,BankCherokee,096000580
Wisconsin,Bankers' Bank,075918460
Nebraska,Battle Creek State Bank,104113521
Indiana,Bedford Federal Savings Bank,283971600
New Jersey,Bessemer Trust Company,026008756
Iowa,Blue Grass Savings Bank,073912086
Louisiana,"Bonvenu Bank, National Association",111103524
Iowa,Breda Savings Bank,073912196
Nebraska,Bruning Bank,104106693
Illinois,C T A F C,271078557
California,CAHP,321175232
California,CALIFORNIA LITHUANIAN,322282386
Ohio,CANTON SCHOOL EMPLOYEES,241274459
Ohio,CAREY POVERELLO,241274653
Tennessee,CBBC Bank,064202501
Georgia,CENTER PARC,061293018
Massachusetts,CENTRAL ONE,211387169
California,CERTIFIED,322084827
Tennessee,CHATTANOOGA AREA SCHOOLS,261388312
Pennsylvania,CHESWICK ATOMIC DIVISION,243382271
Ohio,CHIVAHO,244274744
Ohio,CINCINNATI EMPLOYEES,042286905
Massachusetts,CITY OF BOSTON,211080822
Louisiana,CLB The Community Bank,111101911
Wisconsin,CLOVERBELT,275982283
Texas,COASTAL BEND P O,313189744
Ohio,CODE,
Colorado,COLUMBINE,302075131
Oklahoma,COMMUNITY BANK OF OKLAHOMA,103105488
Illinois,COMMUNITY PLUS,271188078
Texas,COMPLEX COMMUNITY,316386832
Georgia,CONNEX,211178200
New York,COOPERS CAVE,221375682
New York,CORNERSTONE COMMUNITY,222381293
California,COUNTY SCHOOLS,322283518
Georgia,CREDIT UNION OF ATLANTA,261071140
Colorado,CREDIT UNION OF THE ROCKIES,307076232
Minnesota,CROW WING POWER,091981688
Utah,Cache Valley Bank,124302930
Illinois,Campus State Bank,071112040
Tennessee,Carroll Bank and Trust,084304272
Minnesota,Castle Rock Bank,091913148
Iowa,Cedar Valley Bank & Trust,073914864
Illinois,Central Federal Savings and Loan Association,271971502
New Jersey,Century Savings Bank,231270366
Texas,"Charles Schwab Premier Bank, SSB",122105773
California,"Chino Commercial Bank, N.A.",122243062
Louisiana,"Citizens Bank & Trust Company of Vivian, Louisiana",111101694
Illinois,Citizens Bank of Edinburg,071123518
Kansas,Citizens Federal Savings Bank,301170943
Kansas,"Citizens State Bank and Trust Co., Ellsworth, Kansas",101102496
Missouri,Citizens' Bank of Charleston,081518524
Georgia,Classic City Bank,061121481
Massachusetts,Coastal Heritage Bank,211371492
Wisconsin,Columbia Savings and Loan Association,275071217
California,Commercial Bank of California,122243596
Minnesota,Community Bank Mankato,091915890
Missouri,Community Bank of Marshall,101903637
Virginia,Community Bankers' Bank,051005106
Texas,Community National Bank & Trust of Texas,
Pennsylvania,Community State Bank of Orbisonia,
Missouri,Connections Bank,
Illinois,Cornerstone National Bank & Trust Company,
Michigan,County National Bank,
Wisconsin,Crossbridge Community Bank,
Florida,Cypress Bank & Trust,
Ohio,DAY AIR,
Minnesota,DEER RIVER COOPERATIVE,
Colorado,DENVER FIRE DEPARTMENT,
California,DESERT VALLEYS,
New York,DIRECTORS CHOICE,
New Jersey,DIVISION 819 TRANSIT EMPLOYEES,
Texas,DOMINO,
Indiana,DUBOIS-PIKE,
Ohio,DYNAMIC,
Iowa,DeWitt Bank & Trust Co.,
Louisiana,Delta Bank,
Alabama,Dozier Bank,
Georgia,EAGLE EXPRESS,
New Jersey,EAST ORANGE VA HOSPITAL,
New Jersey,EDIFI,
California,EDUCATIONAL EMPLOYEES,
Minnesota,ELECTRIC MACHINERY EMPLOYEES,
Illinois,ELITE COMMUNITY,
Florida,EMERALD COAST,
Kansas,EMPOWER BLUE,
New Jersey,ENERGY PEOPLE,
Pennsylvania,EQT,
California,ESCONDIDO,
Illinois,EVERGREEN PARK SCHOOLS,
Virginia,EagleBank,
Florida,Echelon Bank,
Pennsylvania,Embassy Bank for the Lehigh Valley,
Louisiana,Eureka Homestead,
Oklahoma,Exchange Bank and Trust Company,
California,F3,
Michigan,FAMILY FINANCIAL,
Texas,FARMERS BRANCH CITY EMPLOYEES,
Minnesota,FEDERATED EMPLOYEES,
New York,FIDELIS,
Pennsylvania,FINANTA,
New Jersey,FIRST ATLANTIC,
Massachusetts,FIRST CITIZENS',
Nebraska,FIRST LINCOLN,
Pennsylvania,FIRST PEOPLES COMMUNITY,
Ohio,FIRSTENERGY FAMILY,
Florida,FLORIDA A & M UNIVERSITY,
Kansas,FNB Washington,
Michigan,FOREST AREA,
Alabama,FORT MCCLELLAN,
North Carolina,FOUNDERS,
Pennsylvania,FRANKLIN MINT,
California,FRESNO POLICE DEPARTMENT,
Illinois,FUNERAL SERVICE,
Minnesota,Falcon National Bank,
Illinois,"Farmers State Bank of Alto Pass, Ill.",
California,Farmers & Merchants Bank of Central California,
Kansas,"Farmers and Merchants Bank of Mound City, Kansas",
Pennsylvania,Farmers and Merchants Trust Company of Chambersburg,
New York,Fieldpoint Private Bank & Trust,
Illinois,First Bank Chicago,
Alabama,First Bank of Boaz,
Illinois,"First Bankers Trust Company, National Association",
Georgia,First City Bank,
Illinois,"First Community Bank, Xenia-Flora",
Minnesota,First Farmers & Merchants State Bank,
Indiana,First Federal Savings Bank of Angola,
California,First Federal Savings and Loan Association of San Rafael,
Indiana,First Internet Bank of Indiana,
Colorado,First National Bank Colorado,
Kansas,First National Bank and Trust,
Wisconsin,First National Bank in Tigerton,
Georgia,First National Bank of Griffin,
New York,First National Bank of Scotia,
Illinois,"First Neighbor Bank, National Association",
Oklahoma,First Pryority Bank,
Alabama,First Southern State Bank,
Illinois,First State Bank of Beecher City,
Texas,First State Bank of Livingston,
Texas,First State Bank of Texas,
Illinois,First Trust Bank of Illinois,
Kentucky,First & Peoples Bank and Trust Company,
Missouri,Flat Branch Bank,
Kansas,Ford County State Bank,
New Jersey,Franklin Bank,
Alabama,Friend Bank,
Pennsylvania,GALAXY,
Indiana,GARY POLICE DEPARTMENT EMPLOYEES,
Texas,GENERATIONS COMMUNITY,
Georgia,GEORGIA'S OWN,
Virginia,GLAMORGAN EMPLOYEES,
Missouri,GOETZ,
Texas,GOODYEAR SAN ANGELO,
New York,GRAND CENTRAL TERMINAL EMPLOYEES,
New York,GREAT NECK SCHOOL EMPLOYEES,
Kentucky,"GREATER KENTUCKY CU, INC.",
New York,GREECE COMMUNITY,
New York,GS&L Municipal Bank,
Michigan,G. W. Jones Exchange Bank,
Indiana,Generations Community Bank,
Georgia,Glennville Bank,
Missouri,Goppert Financial Bank,
Oklahoma,Grand Savings Bank,
Nebraska,Great Plains State Bank,
Ohio,Greenville Federal,
Georgia,Guardian Bank,
Texas,H E B,
Texas,HARRIS COUNTY,
Illinois,HAULPAK,
Alabama,HEALTH,
Louisiana,HEART OF LOUISIANA,
New York,HERITAGE FAMILY,
Minnesota,HIBBING COOPERATIVE,
Pennsylvania,HILL DISTRICT,
Iowa,HOLY GHOST PARISH,
Indiana,HOMETOWN,
Texas,HOUSTON HIGHWAY,
Tennessee,HURD EMPLOYEES,
Kentucky,Hart County Bank and Trust Company,
Texas,Henderson Federal Savings Bank,
North Carolina,"Hertford Savings Bank, SSB",
Michigan,Highpoint Community Bank,
Tennessee,Home Federal Bank of Tennessee,
Texas,HomeBank Texas,
Ohio,Hometown Bank,
Pennsylvania,Huntingdon Savings Bank,
Nebraska,I3 Bank,
Illinois,ILLIANA FINANCIAL,
Indiana,INDIANA HEARTLAND,
Pennsylvania,INGERSOLL-RAND,
Michigan,INTANDEM,
Iowa,IOWA HEARTLAND,
New York,ITALO-AMERICAN,
Kansas,Impact Bank,
Tennessee,InsBank,
Pennsylvania,Investment Savings Bank,
Pennsylvania,Iron Workers Savings Bank,
California,JACOM,
Louisiana,JEFFERSON PARISH EMPLOYEES,
California,JONES METHODIST CHURCH,
Minnesota,Janesville State Bank,
Louisiana,Jonesboro State Bank,
Kansas,KAN COLO,
Michigan,KELLOGG COMMUNITY,
Michigan,KENOWA COMMUNITY,
Tennessee,KINGSPORT PRESS CU,
Kentucky,KRAFTCOR,
Minnesota,"Keen Bank, National Association",
Illinois,Kinmundy Bank,
Indiana,LA PORTE COMMUNITY,
Tennessee,LAKESIDE,
Texas,LAREDO,
New York,LE ROY,
Pennsylvania,LEHIGH COUNTY EMPLOYEES,
Georgia,LGE COMMUNITY,
Nebraska,LINCONE,
New Jersey,LOCAL 1233,
Virginia,LOCAL NO. 317 I.A.F.F.,
New York,LONG BEACH TEACHERS,
Louisiana,LOUISIANA CATHOLIC,
Texas,LUFKIN,
Alabama,L&N EMPLOYEES,
Minnesota,Lake Region Bank,
Wisconsin,Laona State Bank,
Nebraska,Legends West Bank,
Illinois,"Libertyville Bank & Trust Company, National Association",
Iowa,Logan State Bank,
Georgia,Loyal Trust Bank,
Florida,MADISON EDUCATION ASSOC.,
Louisiana,MAPLE,
Indiana,MARTIN COUNTY COOPERATIVE,
Ohio,MATERION,
Ohio,MCDONALD COMMUNITY,
Wisconsin,MCU FINANCIAL CENTER,
Texas,MEMBER PREFERRED,
Massachusetts,MEMBERS PLUS,
Florida,MEMORIAL EMPLOYEES FINANCIAL,
New York,MERIDIA COMMUNITY,
Texas,METHODIST HOSPITAL EMPLOYEES,
Illinois,"METROPOLITAN """"L""""",
Michigan,MICHIGAN FIRST,
Kansas,MID-KANSAS,
Illinois,MIDWEST COALITION OF LABOR,
Ohio,MILLSTREAM AREA,
Indiana,MISSISSIPPI DHS,
Colorado,MOFFAT COUNTY SCHOOLS,
Michigan,MONTCALM PUBLIC EMPLOYEES,
Kentucky,MOREHEAD COMMUNITY,
North Carolina,MOUNT VERNON BAPTIST CHURCH,
Pennsylvania,MT PLEASANT AREA SCHOOL EMP,
New York,MUNICIPAL,
Florida,MY PENSACOLA,
Illinois,M.W.P.H. GRAND LODGE OF ILLINOIS,
Virginia,MainStreet Bank,
Pennsylvania,Marion Center Bank,
Texas,Mason Bank,
Michigan,Mayville State Bank,
Texas,Menard  Bank,
Alabama,Metro Bank,
Illinois,MidAmerica National Bank,
Missouri,Midwest Regional Bank,
Virginia,Miners Exchange Bank,
New York,Mizuho Bank (USA),
Utah,"Morgan Stanley Bank, National Association",
Illinois,Municipal Trust and Savings Bank,
New York,N Y TEAM,
Texas,NATURAL RESOURCES CONSERVATION SERV,
Texas,NEIGHBORHOOD,
Pennsylvania,NEW CUMBERLAND,
New Jersey,NEW JERSEY LAW AND PUBLIC SAFETY,
New York,NEW YORK UNIVERSITY,
California,NIKKEI,
Alabama,NORTH ALABAMA PAPERMAKERS,
Pennsylvania,NORTH PENN,
Nebraska,NORTHEAST NEBRASKA,
California,NORTHERN REDWOOD,
Virginia,NORTHWEST,
Minnesota,NOVATION,
New York,NYM,
Florida,"Natbank, National Association",
Nebraska,Nebraska State Bank,
Virginia,"New Horizon Bank, National Association",
Florida,"Newtek Bank, National Association",
Illinois,North County Savings Bank,
Minnesota,Northeast Bank,
Minnesota,Northview Bank,
Ohio,OC,
Ohio,OHIO VALLEY,
Tennessee,OLD HICKORY,
Pennsylvania,OMEGA,
Nebraska,ONENEBRASKA,
Florida,ORLANDO,
Oklahoma,OU,
Missouri,O'Bannon Banking Company,
Oklahoma,Oklahoma Bank and Trust Company,
Florida,OptimumBank,
Missouri,Ozarks Federal Savings and Loan Association,
Virginia,PAHO/WHO,
Pennsylvania,PAR-DEL EMP.,
Illinois,PARTNERSHIP FINANCIAL,
New York,PAUL QUINN,
Michigan,PENINSULA,
Pennsylvania,PENNSYLVANIA-AMERICAN WATER,
Indiana,PERFECT CIRCLE,
Texas,PILGRIM CUCC,
Pennsylvania,PITTSBURGH CITY HALL EMPLOYEES,
California,POINT BREEZE,
Texas,PORT ARTHUR COMMUNITY,
Louisiana,POST OFFICE EMPLOYEES,
Florida,POWERNET,
Indiana,PRIMETRUST FINANCIAL,
Indiana,PROFINANCE,
New Jersey,PUBLIC SERVICE H C EMPLOYEES,
California,Pacific Alliance Bank,
Illinois,Parkway Bank and Trust Company,
Kentucky,Pbt Bancorp,
Missouri,Peoples Bank & Trust Co.,
Tennessee,Peoples Bank of the South,
Texas,Peoples State Bank of Hallettsville,
Illinois,Philo Exchange Bank,
Minnesota,Pine River State Bank,
Nebraska,Platte Valley Bank,
Virginia,Potomac Bank,
Virginia,"Presidential Bank, FSB",
Minnesota,PrinsBank,
Tennessee,Putnam 1st Mercantile Bank,
Kansas,QUINDARO HOMES,
Pennsylvania,R-S BELLCO,
Texas,RANDOLPH-BROOKS,
Oklahoma,RED RIVER,
Kentucky,REGIONAL MEDICAL CTR HOPKINS CO EMP,
Louisiana,RICHLAND PARISH SCHOOLS,
Texas,RIVER CITY,
Colorado,RNB STATE BANK,
Massachusetts,ROCKLAND,
Georgia,Rabun County Bank,
Minnesota,Red River State Bank,
Illinois,"Resource Bank, National Association",
Ohio,Riverside Bank of Dublin,
New York,Rondout Savings Bank,
Alabama,S R I EMPLOYEES,
New York,SAINT JOHN A M E,
Texas,SALT EMPLOYEES,
California,SANTA ANA,
Georgia,SAVANNAH SCHOOLS,
Ohio,SCOTT ASSOCIATES,
Tennessee,SELECT SEVEN,
California,SESLOC,
Massachusetts,SHARON & CRESCENT UNITED,
Illinois,SHILOH ENGLEWOOD,
Virginia,SIGNATURE,
Illinois,SIUE,
Texas,SMART FINANCIAL,
Indiana,SOLIDARITY COMMUNITY,
Ohio,SORG BAY WEST,
Illinois,SOUTH SIDE COMMUNITY,
New York,SOUTHERN BAPTIST CHURCH OF NEW YORK,
Texas,SOUTHWEST AIRLINES,
Florida,SPACE COAST,
Pennsylvania,SRU,
Virginia,STATE DEPARTMENT,
Indiana,STERLING UNITED,
Illinois,STREATOR COMMUNITY,
Ohio,ST. COLMAN & AFFILIATES,
Missouri,ST. LOUIS NEWSPAPER CARRIERS,
New York,ST. PHILIP'S CHURCH,
Kansas,SUNFLOWER COMMUNITY,
Pennsylvania,SUSQUEHANNA VALLEY,
Texas,S.T.E.C.,
New York,Savannah Bank National Association,
Indiana,Scottsburg Building and Loan Association,
Missouri,Security Bank of Southwest Missouri,
Texas,Security State Bank & Trust,
New York,"Seneca Savings Bank, National Association",
Missouri,Sherwood Community Bank,
Nebraska,Siouxland Bank,
New Jersey,Somerset Regal Bank,
Massachusetts,South Shore Bank,
Alabama,Southern Independent Bank,
Oklahoma,Sovereign Bank,
Texas,Spur Security Bank,
Minnesota,Star Bank,
Illinois,State Bank of Cherry,
Minnesota,State Bank of Lake Park,
Nebraska,State Bank of Table Rock,
Missouri,"Stifel Trust Company, National Association",
Iowa,Success Bank,
Michigan,Superior National Bank,
Indiana,T H P,
Massachusetts,TAUNTON,
Michigan,TEAM ONE,
Iowa,TELCO TRIAD COMMUNITY,
Tennessee,TENNESSEE MEMBERS 1ST,
Texas,TEXAS BAY,
Texas,TEXAS TRUST,
New York,THE FINEST,
Texas,THE PEOPLE'S,
Ohio,THEORY,
Tennessee,TNCONNECT,
Kansas,TOPEKA FIREMEN'S,
New York,TOWN OF HEMPSTEAD EMPLOYEES,
Michigan,TRAVERSE CATHOLIC,
Michigan,TRI-CITIES,
Michigan,TRUE COMMUNITY,
Texas,TRUWEST,
Texas,TXDOT,
Tennessee,Tennessee State Bank,
Texas,Texas Community Bank,
Texas,Texas Security Bank,
Kansas,The Baldwin State Bank,
Minnesota,The Bank of Elk River,
Tennessee,The Bank of Milan,
Alabama,The Bank of Vernon,
Illinois,The Bradford National Bank of Greenville,
Kentucky,The Cecilian Bank,
Ohio,The Citizens National Bank of Bluffton,
Kansas,"The Citizens State Bank of Cheney, Kansas",
Illinois,The Clay City Banking Co.,
Missouri,The Corner Stone Bank,
Texas,The Donley County State Bank,
Illinois,The Fairfield National Bank,
Colorado,The Farmers State Bank of Brush,
Illinois,The First Bank and Trust Company of Murphysboro,
Oklahoma,The First National Bank and Trust Company of Miami,
New Jersey,The First National Bank of Absecon,
Wisconsin,The First National Bank of Bangor,
Kansas,The First National Bank of Dighton,
Ohio,The First National Bank of Germantown,
Texas,The First National Bank of Hughes Springs,
Kentucky,The First National Bank of Manchester,
Minnesota,The First National Bank of Moose Lake,
Texas,The First National Bank of Quitaque,
Texas,The First National Bank of Sterling City,
Kansas,The First State Bank of Healy,
Indiana,The Friendship State Bank,
Tennessee,The Hardin County Bank,
Oklahoma,The Hopeton State Bank,
Ohio,The Killbuck Savings Bank Company,
Kansas,The Lyon County State Bank,
Michigan,The Miners State Bank,
Indiana,The National Bank of Indianapolis,
Minnesota,The Northern State Bank of Gonvick,
New Jersey,The Pennsville National Bank,
Pennsylvania,The Philadelphia Trust Company,
Indiana,The Riddell National Bank,
Michigan,The Shelby State Bank,
Iowa,The State Bank of Toledo,
Georgia,The Trust Bank,
Minnesota,The Wanda State Bank,
Utah,Thrivent Bank,
Illinois,Town Center Bank,
California,Tri Counties Bank,
Texas,Trinity Capital Bank of Texas,
Iowa,Twin Cedars Bank,
Massachusetts,UMASSFIVE COLLEGE,
Texas,UNION PACIFIC EMPLOYEES,
Illinois,UNITED EQUITY,
New Jersey,UNITED POLES,
Kentucky,UNIVERSITY OF KENTUCKY,
Pennsylvania,UPPER DARBY BELLTELCO,
Tennessee,US COMMUNITY,
California,UTILITY DISTRICT,
California,U.S.B. EMPLOYEES,
Kansas,United Bank & Trust,
Minnesota,United Farmers State Bank,
Pennsylvania,United Savings Bank,
Utah,Utah Independent Bank,
Colorado,VALLEY EDUCATORS,
New York,VAN CORTLANDT COOPERATIVE,
California,VENTURA COUNTY,
Texas,VIDOR TEACHERS,
Pennsylvania,VISIONARY,
Minnesota,Vantage Bank,
Illinois,Vermont State Bank,
Virginia,Virginia National Bank,
Texas,WAILUKU,
Louisiana,WASHINGTON EDUCATIONAL ASSOC,
Iowa,WCF Financial Bank,
Texas,WELLSPRING,
Texas,WEST TEXAS,
Pennsylvania,WESTERN PA,
New York,WESTSIDE COMMUNITY,
Texas,WHITE SANDS,
Pennsylvania,WILLIAMSPORT TEACHERS,
Iowa,WOLF POINT,
New York,WSB Municipal Bank,
Oklahoma,Walters Bank and Trust Company,
Wisconsin,Waukesha State Bank,
Texas,Wellington State Bank,
Missouri,West Plains Bank and Trust Company,
California,Westamerica Bank,
Tennessee,Wilson Bank and Trust,
Minnesota,Woodland Bank,
Texas,YANTIS,
Colorado,YUMA COUNTY,
Illinois,1NB Bank,
Texas,1ST UNIVERSITY,
Michigan,AAC,
New York,ADIRONDACK REGIONAL,
Alabama,ALABAMA,
Missouri,ALLIANCE,
North Carolina,AMERICAN PARTNERS,
Texas,ANGELINA COUNTY TEACHERS,
Pennsylvania,ASBESTOS WORKERS LOCAL 14,
Illinois,A.S.H. EMPLOYEES,
Illinois,"American Bank and Trust Company, National Association",
California,American Continental Bank,
Iowa,American State Bank,
Illinois,Apple River State Bank,
Minnesota,B2 Bank National Association,
New York,BESSEMER SYSTEM,
Louisiana,BOM Bank,
Tennessee,B. M. H.,
Kansas,Bank of Commerce,
North Carolina,Bank of Tennessee,
Illinois,BankOrion,
Massachusetts,Beacon Bank and Trust,
North Carolina,"Blue Ridge Bank,  National Association",
Utah,C U P,
Kansas,CAMPUS,
Alabama,CCB Community Bank,
Indiana,"CFBank, National Association",
Illinois,CHICAGO'S BRAVEST,
Colorado,CO-NE,
Illinois,COMMONWEALTH,
Utah,COMPASSIONATE CARE,
Michigan,COUNTY - CITY,
Indiana,CS,
North Carolina,Carter Bank & Trust,
Illinois,Chester National Bank,
Tennessee,Citizens National Bank,
California,Column National Association,
Kansas,Core Bank,
Pennsylvania,DEMOCRACY,
Florida,DORT FINANCIAL,
Georgia,E L C O,
Texas,EDUCATORS,
Tennessee,EPB EMPLOYEES,
Massachusetts,Eagle Bank,
Kansas,Emprise Bank,
Alabama,FAMILY SAVINGS,
Indiana,FINANS,
New Jersey,FIRST COMMONWEALTH,
North Carolina,FIRST NRV,
Utah,FLEXPAK,
Michigan,FORWARD FINANCIAL,
Iowa,Farmers Bank of Northern Missouri,
Illinois,Farmers State Bank of Hoffman,
Illinois,Fidelity Bank,
Indiana,First Bank of Berne,
Illinois,First Farmers Bank & Trust Co.,
Iowa,First Heritage Bank,
Florida,First National Bank of Coffee County,
Florida,First Port City Bank,
Iowa,First Security State Bank,
New Jersey,Firstrust Savings Bank,
Illinois,Fortress Bank,
Florida,GALLUP,
Michigan,GENISYS,
California,GOLDEN VALLEY,
Michigan,GREENSBORO,
Alabama,GULF WINDS,
Oklahoma,Grand Bank,
Illinois,Great Rivers Bank,
Kentucky,Guardian Savings Bank,
Indiana,HERITAGE,
New York,HOLY FAMILY PARMA,
Kansas,Hawthorn Bank,
Missouri,Heritage Community Bank,
Illinois,HomeBank,
California,INLAND,
Illinois,I. H. MISSISSIPPI VALLEY,
Illinois,International Bank of Chicago,
Alabama,JACKSON COUNTY 1ST,
Iowa,JOURNEY,
Indiana,KEMBA INDIANAPOLIS,
Tennessee,KOIN,
Colorado,Kirkpatrick Bank,
Indiana,LAMPCO,
Minnesota,LATVIAN,
Louisiana,LIVINGSTON PARISH,
Missouri,LUTHERAN,
Missouri,Legends Bank,
Indiana,MADISON COUNTY,
Alabama,MEAD COATED BOARD,
Illinois,MERCK SHARP & DOHME,
Kansas,MID AMERICAN,
Colorado,MNB BANK,
Pennsylvania,MOUNT CARMEL BAPTIST,
Louisiana,Marion State Bank,
Oklahoma,Method Bank,
Missouri,Midwest Independent BankersBank,
Pennsylvania,N A E,
Ohio,NEW CASTLE BELLCO,
New York,NORTH EAST WELCH,
New York,NORTHWESTERN,
Minnesota,National Bank of Commerce,
Minnesota,Northern State Bank,
Georgia,OMEGA PSI PHI FRATERNITY,
Illinois,"Old Plank Trail Community Bank, National Association",
Illinois,PARK MANOR CHRISTIAN CHURCH,
Missouri,PATRIOT,
Florida,PEOPLE'S ALLIANCE,
New Jersey,POLICE & FIRE,
New Jersey,PROPONENT,
Missouri,Paramount Bank,
Kentucky,People's Bank and Trust Company of Pickett County,
Illinois,"Peoples National Bank , N.A.",
Tennessee,Powell Valley National Bank,
Illinois,Providence Bank & Trust,
Pennsylvania,READING BERKS SCHOOL EMPLOYEES,
Illinois,REVITY,
Michigan,RIVERFORK,
Georgia,ROME KRAFT EMPLOYEES,
California,River City Bank,
California,SAFE 1,
Illinois,SCOTT,
Michigan,SECURITY,
Indiana,SHEBOYGAN AREA,
Missouri,SMART CHOICE,
Alabama,SOUTHERN ENERGY,
Michigan,SPOJNIA,
Louisiana,ST. MARY PARISH SCHOOL EMP.,
New York,SWEETWATER REGIONAL,
Illinois,Sainte Marie State Bank,
North Carolina,Select Bank,
Florida,Southeast First National Bank,
New York,Spring Bank,
Iowa,State Savings Bank,
Florida,Synchrony Bank,062000080
Georgia,TENNESSEE VALLEY,
Alabama,THE BRIDGEWAY,
Oklahoma,TINKER,
Massachusetts,TRANSPORTATION,
Minnesota,TRUSTONE FINANCIAL,
Alabama,TYNDALL,
Tennessee,The Bank of Marion,
Georgia,The Commercial Bank,
Indiana,The Farmers and Merchants Bank,
Illinois,The Hometown Savings Bank,
Kansas,The State Exchange Bank,
Minnesota,Thrivent Trust Company,
Iowa,Tri-Valley Bank,
New York,UNION BAPTIST GREENBURGH,
Tennessee,UNITED SOUTHEAST,
Ohio,USX,
California,U.P.S. EMPLOYEES,
Florida,United Southern Bank,
Illinois,"VERVE, A CREDIT UNION",
Louisiana,WESLA,
Minnesota,"WNB FINANCIAL, N.A.",
Michigan,"Waterford Bank, N.A.",
Iowa,West Bank,
Florida,YOUNG COMMUNITY,
Kansas,nbkc bank,
New York,ACTORS,
California,AMERICAN BROADCAST EMPLOYEES,
New York,Abacus Federal Savings Bank,
Wisconsin,"Alerus Financial, National Association",
Ohio,BAYER HERITAGE,
Oklahoma,Bank 7,
Wisconsin,CATHOLIC FAMILY,
Texas,CHARTWAY,
Missouri,CITY,
Wisconsin,CONNEXUS,
Louisiana,CREDIT HUMAN,
Nebraska,Central National Bank,
Pennsylvania,Citizens Savings Bank,
Louisiana,Community First Bank,
New Jersey,ConnectOne Bank,
Pennsylvania,Customers Bank,
Tennessee,EASTMAN,
Iowa,Exchange State Bank,
Indiana,FINANCIAL PARTNERS,
Colorado,FNB Bank,
North Carolina,First Carolina Bank,
Tennessee,First Commerce Bank,
Illinois,First Independence Bank,
Tennessee,First US Bank,
Virginia,"Fulton Bank, National Association",
Alabama,GUARDIAN,
Massachusetts,HANSCOM,
Tennessee,HORIZON,
Illinois,Heartland Bank and Trust Company,
Missouri,INTERFAITH,
Missouri,JM ASSOCIATES,
Missouri,Legacy Bank & Trust Company,
Nebraska,MEMBERS 1ST,
Texas,MERIWEST,
Illinois,Midwest Bank,
Michigan,NOTRE DAME,
New York,NewBank,
Florida,Old Dominion National Bank,
Florida,PENAIR,
Tennessee,Paragon Bank,
Louisiana,Planters Bank & Trust Company,
New York,Provident Bank,
Wisconsin,R.I.A.,
Pennsylvania,SERVICE 1ST,
Georgia,STAR FINANCIAL,
Wisconsin,SUMMIT,
Illinois,Security Savings Bank,
Missouri,Sterling Bank,
Utah,Sunwest Bank,
Kansas,TRUITY,
Michigan,The Farmers & Merchants State Bank,
Texas,The First Security Bank,
Kansas,UNITY ONE,
New York,USAA Federal Savings Bank,314074269
Nebraska,VERIDIAN,
California,Wallis Bank,
New Jersey,"Wilmington Savings Fund Society, FSB",
Florida,"BankUnited, National Association",
Ohio,CAMPBELL,
New York,CNB Bank,
North Carolina,"Capital Bank, National Association",
Iowa,Cornerstone Bank,
Texas,EVEREST,
California,"EverBank, National Association",
Indiana,FAMILY FIRST,
Illinois,FIRST COMMUNITY,
Minnesota,Fidelity Bank & Trust,
North Carolina,First National Bank of Pennsylvania,
Minnesota,First State Bank and Trust,
Illinois,HEARTLAND,
Tennessee,HomeTrust Bank,
California,Legacy Bank,
Virginia,MARINE,
Florida,METRO,
Illinois,Millennium Bank,
Georgia,PromiseOne Bank,
Massachusetts,Safra National Bank of New York,
Illinois,State Street Bank and Trust Company,
New York,TRI-COUNTY,
Kansas,The First State Bank,
New Jersey,TrustCo Bank,
Colorado,Union Bank and Trust Company,
Illinois,"United Fidelity Bank, fsb",
California,"Zions Bancorporation, N.A.",
Minnesota,Alliance Bank,
Kansas,"BOKF, National Association",
Louisiana,CHEVRON,
New Jersey,"Capital One, National Association",
Georgia,Citizens Community Bank,
Illinois,EMPEOPLE,
Indiana,EVERENCE,
Kansas,FARMERS INSURANCE,
Colorado,FIRST TECHNOLOGY,
Illinois,First American Bank,
Iowa,"First Mid Bank & Trust, National Association",
Iowa,Flanagan State Bank,
Florida,"HSBC Bank USA, National Association",
Indiana,NATIONAL POLICE,
Georgia,PCB Bank,
Ohio,Peoples State Bank,
Florida,Renasant Bank,
Massachusetts,"Santander Bank, N.A.",
Georgia,Shinhan Bank America,
Colorado,"Sunflower Bank, National Association",
Georgia,TIB National Association,
Florida,U S POSTAL SERVICE,
Minnesota,ALTRA,
Wisconsin,"Associated Bank, National Association",
New Jersey,Cathay Bank,
Iowa,Citizens State Bank,
Wisconsin,ENT,
Massachusetts,"First American Trust, FSB",
Florida,Gulf Coast Bank and Trust Company,
Ohio,"Magnolia Bank, Incorporated",
Missouri,NBH Bank,
Indiana,Republic Bank & Trust Company,
Virginia,ServisFirst Bank,
Kentucky,The Peoples Bank,
California,Valley National Bank,
Tennessee,"WesBanco Bank, Inc.",
Georgia,Austin Capital Bank SSB,
Tennessee,Bank OZK,
Georgia,CREDIT UNION 1,
New York,"Citibank, National Association",021000089
California,City National Bank,
Missouri,Commercial Bank,
Texas,Community Bank,
Indiana,First Financial Bank,
Nebraska,First National Bank of Omaha,
Georgia,Hanmi Bank,
New York,JUSTICE,
California,SELF-HELP,
Georgia,"SouthState Bank, National Association",
Virginia,"TD Bank, National Association",
Missouri,UNITED,
Pennsylvania,United Bank,
Florida,Busey Bank,
Indiana,Community State Bank,
New York,Metro City Bank,
Virginia,NORTHROP GRUMMAN,
Florida,Commerce Bank,
Georgia,First Horizon Bank,
Indiana,First National Bank,
New Jersey,"Flagstar Bank, National Association",
New York,KeyBank National Association,
Missouri,Liberty Bank and Trust Company,
Tennessee,Old National Bank,
Virginia,PENTAGON,
California,CIBC National Trust Company,
Alabama,COMMUNITYAMERICA,
California,"Citizens Bank, National Association",
Georgia,First Community Bank,
California,TOGETHER,
Alabama,United Community Bank,
California,AMERICAN AIRLINES,
Texas,AMERICAN AIRLINES,
Pennsylvania,"BNY Mellon, National Association",
Ohio,Farmers State Bank,
Ohio,First State Bank,
Minnesota,BAXTER,
Kansas,First Bank,
Georgia,Truist Bank,
California,"UMB Bank, National Association",101000187
Utah,"UMB Bank, National Association",101000187
New York,"Fifth Third Bank, National Association",
Louisiana,Peoples Bank,
Georgia,Regions Bank,062003157
Utah,Regions Bank,062003157
Ohio,Woodforest National Bank,
Kansas,BMO Bank National Association,
Florida,First-Citizens Bank & Trust Company,
Virginia,First-Citizens Bank & Trust Company,
Missouri,Pinnacle Bank,
Illinois,The Northern Trust Company,
Alabama,The Huntington National Bank,042000314
Missouri,The Huntington National Bank,042000314
Georgia,U.S. Bank National Association,081000210
Ohio,U.S. Bank National Association,081000210
Illinois,NAVY FEDERAL CREDIT UNION,256074974
Ohio,NAVY FEDERAL CREDIT UNION,256074974
Georgia,"PNC Bank, National Association",051000017
North Carolina,"PNC Bank, National Association",051000017
Florida,Bank of England,
New York,Bank of England,
California,"Wells Fargo Bank, National Association",121000248
Missouri,"Wells Fargo Bank, National Association",121000248
Wisconsin,"Wells Fargo Bank, National Association",121000248
Massachusetts,"Bank of America, National Association",026009593
Pennsylvania,"Bank of America, National Association",026009593
Illinois,"JPMorgan Chase Bank, National Association",021000021
Nebraska,"JPMorgan Chase Bank, National Association",021000021
Virginia,"JPMorgan Chase Bank, National Association",021000021
